match_id,season,start_date,venue,innings,ball,batting_team,bowling_team,striker,non_striker,bowler,runs_off_bat,extras,wides,noballs,byes,legbyes,penalty,wicket_type,player_dismissed,other_wicket_type,other_player_dismissed
1506185,2025/26,2025-10-10,"Moara Vlasiei Cricket Ground, Ilfov County",1,0.1,Romania,Bulgaria,M Kearvell,RL Blake,K Srandeva,0,0,,,,,,,,,
1506185,2025/26,2025-10-10,"Moara Vlasiei Cricket Ground, Ilfov County",1,0.2,Romania,Bulgaria,M Kearvell,RL Blake,K Srandeva,0,0,,,,,,,,,
1506185,2025/26,2025-10-10,"Moara Vlasiei Cricket Ground, Ilfov County",1,0.3,Romania,Bulgaria,M Kearvell,RL Blake,K Srandeva,0,1,1,,,,,,,,
1506185,2025/26,2025-10-10,"Moara Vlasiei Cricket Ground, Ilfov County",1,0.4,Romania,Bulgaria,M Kearvell,RL Blake,K Srandeva,1,0,,,,,,,,,
1506185,2025/26,2025-10-10,"Moara Vlasiei Cricket Ground, Ilfov County",1,0.5,Romania,Bulgaria,RL Blake,M Kearvell,K Srandeva,0,1,,1,,,,,,,
1506185,2025/26,2025-10-10,"Moara Vlasiei Cricket Ground, Ilfov County",1,0.6,Romania,Bulgaria,RL Blake,M Kearvell,K Srandeva,4,1,,1,,,,,,,
1506185,2025/26,2025-10-10,"Moara Vlasiei Cricket Ground, Ilfov County",1,0.7,Romania,Bulgaria,RL Blake,M Kearvell,K Srandeva,4,0,,,,,,,,,
1506185,2025/26,2025-10-10,"Moara Vlasiei Cricket Ground, Ilfov County",1,0.8,Romania,Bulgaria,RL Blake,M Kearvell,K Srandeva,1,0,,,,,,,,,
1506185,2025/26,2025-10-10,"Moara Vlasiei Cricket Ground, Ilfov County",1,0.9,Romania,Bulgaria,M Kearvell,RL Blake,K Srandeva,0,0,,,,,,,,,
1506185,2025/26,2025-10-10,"Moara Vlasiei Cricket Ground, Ilfov County",1,1.1,Romania,Bulgaria,RL Blake,M Kearvell,T Dissanayake,4,0,,,,,,,,,
1506185,2025/26,2025-10-10,"Moara Vlasiei Cricket Ground, Ilfov County",1,1.2,Romania,Bulgaria,RL Blake,M Kearvell,T Dissanayake,0,0,,,,,,,,,
1506185,2025/26,2025-10-10,"Moara Vlasiei Cricket Ground, Ilfov County",1,1.3,Romania,Bulgaria,RL Blake,M Kearvell,T Dissanayake,0,0,,,,,,,,,
1506185,2025/26,2025-10-10,"Moara Vlasiei Cricket Ground, Ilfov County",1,1.4,Romania,Bulgaria,RL Blake,M Kearvell,T Dissanayake,2,0,,,,,,,,,
1506185,2025/26,2025-10-10,"Moara Vlasiei Cricket Ground, Ilfov County",1,1.5,Romania,Bulgaria,RL Blake,M Kearvell,T Dissanayake,1,0,,,,,,,,,
1506185,2025/26,2025-10-10,"Moara Vlasiei Cricket Ground, Ilfov County",1,1.6,Romania,Bulgaria,M Kearvell,RL Blake,T Dissanayake,1,0,,,,,,,,,
1506185,2025/26,2025-10-10,"Moara Vlasiei Cricket Ground, Ilfov County",1,2.1,Romania,Bulgaria,M Kearvell,RL Blake,K Srandeva,0,0,,,,,,,,,
1506185,2025/26,2025-10-10,"Moara Vlasiei Cricket Ground, Ilfov County",1,2.2,Romania,Bulgaria,M Kearvell,RL Blake,K Srandeva,1,0,,,,,,,,,
1506185,2025/26,2025-10-10,"Moara Vlasiei Cricket Ground, Ilfov County",1,2.3,Romania,Bulgaria,RL Blake,M Kearvell,K Srandeva,0,1,1,,,,,,,,
1506185,2025/26,2025-10-10,"Moara Vlasiei Cricket Ground, Ilfov County",1,2.4,Romania,Bulgaria,RL Blake,M Kearvell,K Srandeva,0,0,,,,,,,,,
1506185,2025/26,2025-10-10,"Moara Vlasiei Cricket Ground, Ilfov County",1,2.5,Romania,Bulgaria,RL Blake,M Kearvell,K Srandeva,0,1,1,,,,,,,,
1506185,2025/26,2025-10-10,"Moara Vlasiei Cricket Ground, Ilfov County",1,2.6,Romania,Bulgaria,RL Blake,M Kearvell,K Srandeva,2,0,,,,,,,,,
1506185,2025/26,2025-10-10,"Moara Vlasiei Cricket Ground, Ilfov County",1,2.7,Romania,Bulgaria,RL Blake,M Kearvell,K Srandeva,1,0,,,,,,,,,
1506185,2025/26,2025-10-10,"Moara Vlasiei Cricket Ground, Ilfov County",1,2.8,Romania,Bulgaria,M Kearvell,RL Blake,K Srandeva,1,0,,,,,,,,,
1506185,2025/26,2025-10-10,"Moara Vlasiei Cricket Ground, Ilfov County",1,3.1,Romania,Bulgaria,M Kearvell,RL Blake,T Dissanayake,2,0,,,,,,,,,
1506185,2025/26,2025-10-10,"Moara Vlasiei Cricket Ground, Ilfov County",1,3.2,Romania,Bulgaria,M Kearvell,RL Blake,T Dissanayake,0,0,,,,,,,,,
1506185,2025/26,2025-10-10,"Moara Vlasiei Cricket Ground, Ilfov County",1,3.3,Romania,Bulgaria,M Kearvell,RL Blake,T Dissanayake,2,0,,,,,,,,,
1506185,2025/26,2025-10-10,"Moara Vlasiei Cricket Ground, Ilfov County",1,3.4,Romania,Bulgaria,M Kearvell,RL Blake,T Dissanayake,0,0,,,,,,,,,
1506185,2025/26,2025-10-10,"Moara Vlasiei Cricket Ground, Ilfov County",1,3.5,Romania,Bulgaria,M Kearvell,RL Blake,T Dissanayake,4,1,,1,,,,,,,
1506185,2025/26,2025-10-10,"Moara Vlasiei Cricket Ground, Ilfov County",1,3.6,Romania,Bulgaria,M Kearvell,RL Blake,T Dissanayake,0,0,,,,,,,,,
1506185,2025/26,2025-10-10,"Moara Vlasiei Cricket Ground, Ilfov County",1,3.7,Romania,Bulgaria,M Kearvell,RL Blake,T Dissanayake,0,0,,,,,,,,,
1506185,2025/26,2025-10-10,"Moara Vlasiei Cricket Ground, Ilfov County",1,4.1,Romania,Bulgaria,RL Blake,M Kearvell,S Sarandeva,2,0,,,,,,,,,
1506185,2025/26,2025-10-10,"Moara Vlasiei Cricket Ground, Ilfov County",1,4.2,Romania,Bulgaria,RL Blake,M Kearvell,S Sarandeva,2,0,,,,,,,,,
1506185,2025/26,2025-10-10,"Moara Vlasiei Cricket Ground, Ilfov County",1,4.3,Romania,Bulgaria,RL Blake,M Kearvell,S Sarandeva,0,1,1,,,,,,,,
1506185,2025/26,2025-10-10,"Moara Vlasiei Cricket Ground, Ilfov County",1,4.4,Romania,Bulgaria,RL Blake,M Kearvell,S Sarandeva,4,0,,,,,,,,,
1506185,2025/26,2025-10-10,"Moara Vlasiei Cricket Ground, Ilfov County",1,4.5,Romania,Bulgaria,RL Blake,M Kearvell,S Sarandeva,0,0,,,,,,,,,
1506185,2025/26,2025-10-10,"Moara Vlasiei Cricket Ground, Ilfov County",1,4.6,Romania,Bulgaria,RL Blake,M Kearvell,S Sarandeva,4,0,,,,,,,,,
1506185,2025/26,2025-10-10,"Moara Vlasiei Cricket Ground, Ilfov County",1,4.7,Romania,Bulgaria,RL Blake,M Kearvell,S Sarandeva,4,1,,1,,,,,,,
1506185,2025/26,2025-10-10,"Moara Vlasiei Cricket Ground, Ilfov County",1,4.8,Romania,Bulgaria,RL Blake,M Kearvell,S Sarandeva,2,0,,,,,,,,,
1506185,2025/26,2025-10-10,"Moara Vlasiei Cricket Ground, Ilfov County",1,5.1,Romania,Bulgaria,M Kearvell,RL Blake,T Dissanayake,0,0,,,,,,,,,
1506185,2025/26,2025-10-10,"Moara Vlasiei Cricket Ground, Ilfov County",1,5.2,Romania,Bulgaria,M Kearvell,RL Blake,T Dissanayake,2,0,,,,,,,,,
1506185,2025/26,2025-10-10,"Moara Vlasiei Cricket Ground, Ilfov County",1,5.3,Romania,Bulgaria,M Kearvell,RL Blake,T Dissanayake,0,0,,,,,,,,,
1506185,2025/26,2025-10-10,"Moara Vlasiei Cricket Ground, Ilfov County",1,5.4,Romania,Bulgaria,M Kearvell,RL Blake,T Dissanayake,1,0,,,,,,,,,
1506185,2025/26,2025-10-10,"Moara Vlasiei Cricket Ground, Ilfov County",1,5.5,Romania,Bulgaria,RL Blake,M Kearvell,T Dissanayake,0,0,,,,,,,,,
1506185,2025/26,2025-10-10,"Moara Vlasiei Cricket Ground, Ilfov County",1,5.6,Romania,Bulgaria,RL Blake,M Kearvell,T Dissanayake,4,0,,,,,,,,,
1506185,2025/26,2025-10-10,"Moara Vlasiei Cricket Ground, Ilfov County",1,6.1,Romania,Bulgaria,M Kearvell,RL Blake,D Ruynekova,4,0,,,,,,,,,
1506185,2025/26,2025-10-10,"Moara Vlasiei Cricket Ground, Ilfov County",1,6.2,Romania,Bulgaria,M Kearvell,RL Blake,D Ruynekova,2,0,,,,,,,,,
1506185,2025/26,2025-10-10,"Moara Vlasiei Cricket Ground, Ilfov County",1,6.3,Romania,Bulgaria,M Kearvell,RL Blake,D Ruynekova,0,1,1,,,,,,,,
1506185,2025/26,2025-10-10,"Moara Vlasiei Cricket Ground, Ilfov County",1,6.4,Romania,Bulgaria,M Kearvell,RL Blake,D Ruynekova,1,0,,,,,,,,,
1506185,2025/26,2025-10-10,"Moara Vlasiei Cricket Ground, Ilfov County",1,6.5,Romania,Bulgaria,RL Blake,M Kearvell,D Ruynekova,4,0,,,,,,,,,
1506185,2025/26,2025-10-10,"Moara Vlasiei Cricket Ground, Ilfov County",1,6.6,Romania,Bulgaria,RL Blake,M Kearvell,D Ruynekova,4,0,,,,,,,,,
1506185,2025/26,2025-10-10,"Moara Vlasiei Cricket Ground, Ilfov County",1,6.7,Romania,Bulgaria,RL Blake,M Kearvell,D Ruynekova,0,0,,,,,,,,,
1506185,2025/26,2025-10-10,"Moara Vlasiei Cricket Ground, Ilfov County",1,7.1,Romania,Bulgaria,M Kearvell,RL Blake,S Sarandeva,1,0,,,,,,,,,
1506185,2025/26,2025-10-10,"Moara Vlasiei Cricket Ground, Ilfov County",1,7.2,Romania,Bulgaria,RL Blake,M Kearvell,S Sarandeva,1,0,,,,,,,,,
1506185,2025/26,2025-10-10,"Moara Vlasiei Cricket Ground, Ilfov County",1,7.3,Romania,Bulgaria,M Kearvell,RL Blake,S Sarandeva,1,0,,,,,,,,,
1506185,2025/26,2025-10-10,"Moara Vlasiei Cricket Ground, Ilfov County",1,7.4,Romania,Bulgaria,RL Blake,M Kearvell,S Sarandeva,1,0,,,,,,,,,
1506185,2025/26,2025-10-10,"Moara Vlasiei Cricket Ground, Ilfov County",1,7.5,Romania,Bulgaria,M Kearvell,RL Blake,S Sarandeva,1,0,,,,,,,,,
1506185,2025/26,2025-10-10,"Moara Vlasiei Cricket Ground, Ilfov County",1,7.6,Romania,Bulgaria,RL Blake,M Kearvell,S Sarandeva,2,0,,,,,,,,,
1506185,2025/26,2025-10-10,"Moara Vlasiei Cricket Ground, Ilfov County",1,8.1,Romania,Bulgaria,M Kearvell,RL Blake,K Srandeva,2,0,,,,,,,,,
1506185,2025/26,2025-10-10,"Moara Vlasiei Cricket Ground, Ilfov County",1,8.2,Romania,Bulgaria,M Kearvell,RL Blake,K Srandeva,0,0,,,,,,bowled,M Kearvell,,
1506185,2025/26,2025-10-10,"Moara Vlasiei Cricket Ground, Ilfov County",1,8.3,Romania,Bulgaria,J Chirila,RL Blake,K Srandeva,0,2,2,,,,,,,,
1506185,2025/26,2025-10-10,"Moara Vlasiei Cricket Ground, Ilfov County",1,8.4,Romania,Bulgaria,RL Blake,J Chirila,K Srandeva,1,0,,,,,,,,,
1506185,2025/26,2025-10-10,"Moara Vlasiei Cricket Ground, Ilfov County",1,8.5,Romania,Bulgaria,J Chirila,RL Blake,K Srandeva,0,0,,,,,,,,,
1506185,2025/26,2025-10-10,"Moara Vlasiei Cricket Ground, Ilfov County",1,8.6,Romania,Bulgaria,J Chirila,RL Blake,K Srandeva,0,0,,,,,,,,,
1506185,2025/26,2025-10-10,"Moara Vlasiei Cricket Ground, Ilfov County",1,8.7,Romania,Bulgaria,J Chirila,RL Blake,K Srandeva,0,0,,,,,,,,,
1506185,2025/26,2025-10-10,"Moara Vlasiei Cricket Ground, Ilfov County",1,9.1,Romania,Bulgaria,RL Blake,J Chirila,S Sarandeva,0,0,,,,,,,,,
1506185,2025/26,2025-10-10,"Moara Vlasiei Cricket Ground, Ilfov County",1,9.2,Romania,Bulgaria,RL Blake,J Chirila,S Sarandeva,2,0,,,,,,,,,
1506185,2025/26,2025-10-10,"Moara Vlasiei Cricket Ground, Ilfov County",1,9.3,Romania,Bulgaria,RL Blake,J Chirila,S Sarandeva,2,0,,,,,,,,,
1506185,2025/26,2025-10-10,"Moara Vlasiei Cricket Ground, Ilfov County",1,9.4,Romania,Bulgaria,RL Blake,J Chirila,S Sarandeva,4,0,,,,,,,,,
1506185,2025/26,2025-10-10,"Moara Vlasiei Cricket Ground, Ilfov County",1,9.5,Romania,Bulgaria,RL Blake,J Chirila,S Sarandeva,0,0,,,,,,,,,
1506185,2025/26,2025-10-10,"Moara Vlasiei Cricket Ground, Ilfov County",1,9.6,Romania,Bulgaria,RL Blake,J Chirila,S Sarandeva,4,0,,,,,,,,,
1506185,2025/26,2025-10-10,"Moara Vlasiei Cricket Ground, Ilfov County",1,10.1,Romania,Bulgaria,J Chirila,RL Blake,K Srandeva,1,0,,,,,,,,,
1506185,2025/26,2025-10-10,"Moara Vlasiei Cricket Ground, Ilfov County",1,10.2,Romania,Bulgaria,RL Blake,J Chirila,K Srandeva,1,0,,,,,,,,,
1506185,2025/26,2025-10-10,"Moara Vlasiei Cricket Ground, Ilfov County",1,10.3,Romania,Bulgaria,J Chirila,RL Blake,K Srandeva,0,0,,,,,,,,,
1506185,2025/26,2025-10-10,"Moara Vlasiei Cricket Ground, Ilfov County",1,10.4,Romania,Bulgaria,J Chirila,RL Blake,K Srandeva,0,0,,,,,,,,,
1506185,2025/26,2025-10-10,"Moara Vlasiei Cricket Ground, Ilfov County",1,10.5,Romania,Bulgaria,J Chirila,RL Blake,K Srandeva,0,0,,,,,,,,,
1506185,2025/26,2025-10-10,"Moara Vlasiei Cricket Ground, Ilfov County",1,10.6,Romania,Bulgaria,J Chirila,RL Blake,K Srandeva,0,0,,,,,,,,,
1506185,2025/26,2025-10-10,"Moara Vlasiei Cricket Ground, Ilfov County",1,11.1,Romania,Bulgaria,RL Blake,J Chirila,S Sarandeva,0,0,,,,,,,,,
1506185,2025/26,2025-10-10,"Moara Vlasiei Cricket Ground, Ilfov County",1,11.2,Romania,Bulgaria,RL Blake,J Chirila,S Sarandeva,2,0,,,,,,,,,
1506185,2025/26,2025-10-10,"Moara Vlasiei Cricket Ground, Ilfov County",1,11.3,Romania,Bulgaria,RL Blake,J Chirila,S Sarandeva,4,0,,,,,,,,,
1506185,2025/26,2025-10-10,"Moara Vlasiei Cricket Ground, Ilfov County",1,11.4,Romania,Bulgaria,RL Blake,J Chirila,S Sarandeva,0,0,,,,,,,,,
1506185,2025/26,2025-10-10,"Moara Vlasiei Cricket Ground, Ilfov County",1,11.5,Romania,Bulgaria,RL Blake,J Chirila,S Sarandeva,2,0,,,,,,,,,
1506185,2025/26,2025-10-10,"Moara Vlasiei Cricket Ground, Ilfov County",1,11.6,Romania,Bulgaria,RL Blake,J Chirila,S Sarandeva,0,0,,,,,,,,,
1506185,2025/26,2025-10-10,"Moara Vlasiei Cricket Ground, Ilfov County",1,12.1,Romania,Bulgaria,J Chirila,RL Blake,N Toleva,0,1,1,,,,,,,,
1506185,2025/26,2025-10-10,"Moara Vlasiei Cricket Ground, Ilfov County",1,12.2,Romania,Bulgaria,J Chirila,RL Blake,N Toleva,0,0,,,,,,,,,
1506185,2025/26,2025-10-10,"Moara Vlasiei Cricket Ground, Ilfov County",1,12.3,Romania,Bulgaria,J Chirila,RL Blake,N Toleva,1,0,,,,,,,,,
1506185,2025/26,2025-10-10,"Moara Vlasiei Cricket Ground, Ilfov County",1,12.4,Romania,Bulgaria,RL Blake,J Chirila,N Toleva,1,0,,,,,,,,,
1506185,2025/26,2025-10-10,"Moara Vlasiei Cricket Ground, Ilfov County",1,12.5,Romania,Bulgaria,J Chirila,RL Blake,N Toleva,1,0,,,,,,,,,
1506185,2025/26,2025-10-10,"Moara Vlasiei Cricket Ground, Ilfov County",1,12.6,Romania,Bulgaria,RL Blake,J Chirila,N Toleva,0,0,,,,,,,,,
1506185,2025/26,2025-10-10,"Moara Vlasiei Cricket Ground, Ilfov County",1,12.7,Romania,Bulgaria,RL Blake,J Chirila,N Toleva,0,0,,,,,,,,,
1506185,2025/26,2025-10-10,"Moara Vlasiei Cricket Ground, Ilfov County",1,13.1,Romania,Bulgaria,J Chirila,RL Blake,D Ruynekova,0,0,,,,,,,,,
1506185,2025/26,2025-10-10,"Moara Vlasiei Cricket Ground, Ilfov County",1,13.2,Romania,Bulgaria,J Chirila,RL Blake,D Ruynekova,0,1,1,,,,,,,,
1506185,2025/26,2025-10-10,"Moara Vlasiei Cricket Ground, Ilfov County",1,13.3,Romania,Bulgaria,J Chirila,RL Blake,D Ruynekova,0,2,,1,1,,,,,,
1506185,2025/26,2025-10-10,"Moara Vlasiei Cricket Ground, Ilfov County",1,13.4,Romania,Bulgaria,RL Blake,J Chirila,D Ruynekova,0,1,,1,,,,,,,
1506185,2025/26,2025-10-10,"Moara Vlasiei Cricket Ground, Ilfov County",1,13.5,Romania,Bulgaria,RL Blake,J Chirila,D Ruynekova,2,0,,,,,,,,,
1506185,2025/26,2025-10-10,"Moara Vlasiei Cricket Ground, Ilfov County",1,13.6,Romania,Bulgaria,RL Blake,J Chirila,D Ruynekova,0,1,1,,,,,,,,
1506185,2025/26,2025-10-10,"Moara Vlasiei Cricket Ground, Ilfov County",1,13.7,Romania,Bulgaria,RL Blake,J Chirila,D Ruynekova,0,0,,,,,,,,,
1506185,2025/26,2025-10-10,"Moara Vlasiei Cricket Ground, Ilfov County",1,13.8,Romania,Bulgaria,RL Blake,J Chirila,D Ruynekova,0,1,1,,,,,,,,
1506185,2025/26,2025-10-10,"Moara Vlasiei Cricket Ground, Ilfov County",1,13.9,Romania,Bulgaria,RL Blake,J Chirila,D Ruynekova,0,1,,1,,,,,,,
1506185,2025/26,2025-10-10,"Moara Vlasiei Cricket Ground, Ilfov County",1,13.10,Romania,Bulgaria,RL Blake,J Chirila,D Ruynekova,0,0,,,,,,,,,
1506185,2025/26,2025-10-10,"Moara Vlasiei Cricket Ground, Ilfov County",1,13.11,Romania,Bulgaria,RL Blake,J Chirila,D Ruynekova,1,0,,,,,,,,,
1506185,2025/26,2025-10-10,"Moara Vlasiei Cricket Ground, Ilfov County",1,13.12,Romania,Bulgaria,J Chirila,RL Blake,D Ruynekova,2,0,,,,,,,,,
1506185,2025/26,2025-10-10,"Moara Vlasiei Cricket Ground, Ilfov County",1,14.1,Romania,Bulgaria,RL Blake,J Chirila,N Toleva,0,0,,,,,,,,,
1506185,2025/26,2025-10-10,"Moara Vlasiei Cricket Ground, Ilfov County",1,14.2,Romania,Bulgaria,RL Blake,J Chirila,N Toleva,1,0,,,,,,,,,
1506185,2025/26,2025-10-10,"Moara Vlasiei Cricket Ground, Ilfov County",1,14.3,Romania,Bulgaria,J Chirila,RL Blake,N Toleva,1,0,,,,,,,,,
1506185,2025/26,2025-10-10,"Moara Vlasiei Cricket Ground, Ilfov County",1,14.4,Romania,Bulgaria,RL Blake,J Chirila,N Toleva,0,1,,1,,,,,,,
1506185,2025/26,2025-10-10,"Moara Vlasiei Cricket Ground, Ilfov County",1,14.5,Romania,Bulgaria,RL Blake,J Chirila,N Toleva,4,0,,,,,,,,,
1506185,2025/26,2025-10-10,"Moara Vlasiei Cricket Ground, Ilfov County",1,14.6,Romania,Bulgaria,RL Blake,J Chirila,N Toleva,0,0,,,,,,,,,
1506185,2025/26,2025-10-10,"Moara Vlasiei Cricket Ground, Ilfov County",1,14.7,Romania,Bulgaria,RL Blake,J Chirila,N Toleva,0,2,2,,,,,,,,
1506185,2025/26,2025-10-10,"Moara Vlasiei Cricket Ground, Ilfov County",1,14.8,Romania,Bulgaria,J Chirila,RL Blake,N Toleva,0,1,,1,,,,,,,
1506185,2025/26,2025-10-10,"Moara Vlasiei Cricket Ground, Ilfov County",1,14.9,Romania,Bulgaria,J Chirila,RL Blake,N Toleva,0,2,2,,,,,,,,
1506185,2025/26,2025-10-10,"Moara Vlasiei Cricket Ground, Ilfov County",1,14.10,Romania,Bulgaria,RL Blake,J Chirila,N Toleva,0,1,,1,,,,,,,
1506185,2025/26,2025-10-10,"Moara Vlasiei Cricket Ground, Ilfov County",1,14.11,Romania,Bulgaria,RL Blake,J Chirila,N Toleva,4,0,,,,,,,,,
1506185,2025/26,2025-10-10,"Moara Vlasiei Cricket Ground, Ilfov County",1,15.1,Romania,Bulgaria,J Chirila,RL Blake,V Atanasova,0,1,1,,,,,,,,
1506185,2025/26,2025-10-10,"Moara Vlasiei Cricket Ground, Ilfov County",1,15.2,Romania,Bulgaria,J Chirila,RL Blake,V Atanasova,0,1,1,,,,,,,,
1506185,2025/26,2025-10-10,"Moara Vlasiei Cricket Ground, Ilfov County",1,15.3,Romania,Bulgaria,J Chirila,RL Blake,V Atanasova,1,0,,,,,,,,,
1506185,2025/26,2025-10-10,"Moara Vlasiei Cricket Ground, Ilfov County",1,15.4,Romania,Bulgaria,RL Blake,J Chirila,V Atanasova,4,0,,,,,,,,,
1506185,2025/26,2025-10-10,"Moara Vlasiei Cricket Ground, Ilfov County",1,15.5,Romania,Bulgaria,RL Blake,J Chirila,V Atanasova,0,0,,,,,,,,,
1506185,2025/26,2025-10-10,"Moara Vlasiei Cricket Ground, Ilfov County",1,15.6,Romania,Bulgaria,RL Blake,J Chirila,V Atanasova,1,0,,,,,,,,,
1506185,2025/26,2025-10-10,"Moara Vlasiei Cricket Ground, Ilfov County",1,15.7,Romania,Bulgaria,J Chirila,RL Blake,V Atanasova,0,1,,1,,,,,,,
1506185,2025/26,2025-10-10,"Moara Vlasiei Cricket Ground, Ilfov County",1,15.8,Romania,Bulgaria,J Chirila,RL Blake,V Atanasova,0,1,1,,,,,,,,
1506185,2025/26,2025-10-10,"Moara Vlasiei Cricket Ground, Ilfov County",1,15.9,Romania,Bulgaria,J Chirila,RL Blake,V Atanasova,0,1,1,,,,,,,,
1506185,2025/26,2025-10-10,"Moara Vlasiei Cricket Ground, Ilfov County",1,15.10,Romania,Bulgaria,J Chirila,RL Blake,V Atanasova,1,0,,,,,,,,,
1506185,2025/26,2025-10-10,"Moara Vlasiei Cricket Ground, Ilfov County",1,15.11,Romania,Bulgaria,RL Blake,J Chirila,V Atanasova,1,0,,,,,,,,,
1506185,2025/26,2025-10-10,"Moara Vlasiei Cricket Ground, Ilfov County",1,16.1,Romania,Bulgaria,RL Blake,J Chirila,D Ruynekova,0,0,,,,,,,,,
1506185,2025/26,2025-10-10,"Moara Vlasiei Cricket Ground, Ilfov County",1,16.2,Romania,Bulgaria,RL Blake,J Chirila,D Ruynekova,1,0,,,,,,,,,
1506185,2025/26,2025-10-10,"Moara Vlasiei Cricket Ground, Ilfov County",1,16.3,Romania,Bulgaria,J Chirila,RL Blake,D Ruynekova,1,0,,,,,,,,,
1506185,2025/26,2025-10-10,"Moara Vlasiei Cricket Ground, Ilfov County",1,16.4,Romania,Bulgaria,RL Blake,J Chirila,D Ruynekova,1,0,,,,,,,,,
1506185,2025/26,2025-10-10,"Moara Vlasiei Cricket Ground, Ilfov County",1,16.5,Romania,Bulgaria,J Chirila,RL Blake,D Ruynekova,1,0,,,,,,,,,
1506185,2025/26,2025-10-10,"Moara Vlasiei Cricket Ground, Ilfov County",1,16.6,Romania,Bulgaria,RL Blake,J Chirila,D Ruynekova,1,0,,,,,,,,,
1506185,2025/26,2025-10-10,"Moara Vlasiei Cricket Ground, Ilfov County",1,17.1,Romania,Bulgaria,RL Blake,J Chirila,V Atanasova,2,0,,,,,,,,,
1506185,2025/26,2025-10-10,"Moara Vlasiei Cricket Ground, Ilfov County",1,17.2,Romania,Bulgaria,RL Blake,J Chirila,V Atanasova,1,0,,,,,,,,,
1506185,2025/26,2025-10-10,"Moara Vlasiei Cricket Ground, Ilfov County",1,17.3,Romania,Bulgaria,J Chirila,RL Blake,V Atanasova,1,0,,,,,,,,,
1506185,2025/26,2025-10-10,"Moara Vlasiei Cricket Ground, Ilfov County",1,17.4,Romania,Bulgaria,RL Blake,J Chirila,V Atanasova,0,1,1,,,,,,,,
1506185,2025/26,2025-10-10,"Moara Vlasiei Cricket Ground, Ilfov County",1,17.5,Romania,Bulgaria,RL Blake,J Chirila,V Atanasova,2,0,,,,,,,,,
1506185,2025/26,2025-10-10,"Moara Vlasiei Cricket Ground, Ilfov County",1,17.6,Romania,Bulgaria,RL Blake,J Chirila,V Atanasova,0,0,,,,,,,,,
1506185,2025/26,2025-10-10,"Moara Vlasiei Cricket Ground, Ilfov County",1,17.7,Romania,Bulgaria,RL Blake,J Chirila,V Atanasova,0,0,,,,,,,,,
1506185,2025/26,2025-10-10,"Moara Vlasiei Cricket Ground, Ilfov County",1,18.1,Romania,Bulgaria,J Chirila,RL Blake,N Toleva,1,1,,1,,,,,,,
1506185,2025/26,2025-10-10,"Moara Vlasiei Cricket Ground, Ilfov County",1,18.2,Romania,Bulgaria,RL Blake,J Chirila,N Toleva,2,0,,,,,,,,,
1506185,2025/26,2025-10-10,"Moara Vlasiei Cricket Ground, Ilfov County",1,18.3,Romania,Bulgaria,RL Blake,J Chirila,N Toleva,0,0,,,,,,,,,
1506185,2025/26,2025-10-10,"Moara Vlasiei Cricket Ground, Ilfov County",1,18.4,Romania,Bulgaria,RL Blake,J Chirila,N Toleva,2,0,,,,,,,,,
1506185,2025/26,2025-10-10,"Moara Vlasiei Cricket Ground, Ilfov County",1,18.5,Romania,Bulgaria,RL Blake,J Chirila,N Toleva,0,1,1,,,,,,,,
1506185,2025/26,2025-10-10,"Moara Vlasiei Cricket Ground, Ilfov County",1,18.6,Romania,Bulgaria,RL Blake,J Chirila,N Toleva,2,1,,1,,,,,,,
1506185,2025/26,2025-10-10,"Moara Vlasiei Cricket Ground, Ilfov County",1,18.7,Romania,Bulgaria,RL Blake,J Chirila,N Toleva,2,0,,,,,,,,,
1506185,2025/26,2025-10-10,"Moara Vlasiei Cricket Ground, Ilfov County",1,18.8,Romania,Bulgaria,RL Blake,J Chirila,N Toleva,2,0,,,,,,,,,
1506185,2025/26,2025-10-10,"Moara Vlasiei Cricket Ground, Ilfov County",1,18.9,Romania,Bulgaria,RL Blake,J Chirila,N Toleva,1,0,,,,,,,,,
1506185,2025/26,2025-10-10,"Moara Vlasiei Cricket Ground, Ilfov County",1,19.1,Romania,Bulgaria,RL Blake,J Chirila,T Dissanayake,4,0,,,,,,,,,
1506185,2025/26,2025-10-10,"Moara Vlasiei Cricket Ground, Ilfov County",1,19.2,Romania,Bulgaria,RL Blake,J Chirila,T Dissanayake,2,1,,1,,,,,,,
1506185,2025/26,2025-10-10,"Moara Vlasiei Cricket Ground, Ilfov County",1,19.3,Romania,Bulgaria,RL Blake,J Chirila,T Dissanayake,0,1,1,,,,,,,,
1506185,2025/26,2025-10-10,"Moara Vlasiei Cricket Ground, Ilfov County",1,19.4,Romania,Bulgaria,RL Blake,J Chirila,T Dissanayake,1,0,,,,,,,,,
1506185,2025/26,2025-10-10,"Moara Vlasiei Cricket Ground, Ilfov County",1,19.5,Romania,Bulgaria,J Chirila,RL Blake,T Dissanayake,0,0,,,,,,,,,
1506185,2025/26,2025-10-10,"Moara Vlasiei Cricket Ground, Ilfov County",1,19.6,Romania,Bulgaria,J Chirila,RL Blake,T Dissanayake,2,0,,,,,,,,,
1506185,2025/26,2025-10-10,"Moara Vlasiei Cricket Ground, Ilfov County",1,19.7,Romania,Bulgaria,J Chirila,RL Blake,T Dissanayake,0,0,,,,,,,,,
1506185,2025/26,2025-10-10,"Moara Vlasiei Cricket Ground, Ilfov County",1,19.8,Romania,Bulgaria,J Chirila,RL Blake,T Dissanayake,0,0,,,,,,,,,
1506185,2025/26,2025-10-10,"Moara Vlasiei Cricket Ground, Ilfov County",2,0.1,Bulgaria,Romania,T Dissanayake,S Sarandeva,J Chirila,0,0,,,,,,,,,
1506185,2025/26,2025-10-10,"Moara Vlasiei Cricket Ground, Ilfov County",2,0.2,Bulgaria,Romania,T Dissanayake,S Sarandeva,J Chirila,2,0,,,,,,,,,
1506185,2025/26,2025-10-10,"Moara Vlasiei Cricket Ground, Ilfov County",2,0.3,Bulgaria,Romania,T Dissanayake,S Sarandeva,J Chirila,0,0,,,,,,,,,
1506185,2025/26,2025-10-10,"Moara Vlasiei Cricket Ground, Ilfov County",2,0.4,Bulgaria,Romania,T Dissanayake,S Sarandeva,J Chirila,1,0,,,,,,,,,
1506185,2025/26,2025-10-10,"Moara Vlasiei Cricket Ground, Ilfov County",2,0.5,Bulgaria,Romania,S Sarandeva,T Dissanayake,J Chirila,0,2,2,,,,,,,,
1506185,2025/26,2025-10-10,"Moara Vlasiei Cricket Ground, Ilfov County",2,0.6,Bulgaria,Romania,T Dissanayake,S Sarandeva,J Chirila,0,2,2,,,,,,,,
1506185,2025/26,2025-10-10,"Moara Vlasiei Cricket Ground, Ilfov County",2,0.7,Bulgaria,Romania,S Sarandeva,T Dissanayake,J Chirila,0,2,2,,,,,,,,
1506185,2025/26,2025-10-10,"Moara Vlasiei Cricket Ground, Ilfov County",2,0.8,Bulgaria,Romania,T Dissanayake,S Sarandeva,J Chirila,0,1,1,,,,,,,,
1506185,2025/26,2025-10-10,"Moara Vlasiei Cricket Ground, Ilfov County",2,0.9,Bulgaria,Romania,T Dissanayake,S Sarandeva,J Chirila,1,0,,,,,,,,,
1506185,2025/26,2025-10-10,"Moara Vlasiei Cricket Ground, Ilfov County",2,0.10,Bulgaria,Romania,S Sarandeva,T Dissanayake,J Chirila,0,0,,,,,,,,,
1506185,2025/26,2025-10-10,"Moara Vlasiei Cricket Ground, Ilfov County",2,1.1,Bulgaria,Romania,T Dissanayake,S Sarandeva,I Muntean,2,0,,,,,,,,,
1506185,2025/26,2025-10-10,"Moara Vlasiei Cricket Ground, Ilfov County",2,1.2,Bulgaria,Romania,T Dissanayake,S Sarandeva,I Muntean,0,0,,,,,,bowled,T Dissanayake,,
1506185,2025/26,2025-10-10,"Moara Vlasiei Cricket Ground, Ilfov County",2,1.3,Bulgaria,Romania,V Nikolova,S Sarandeva,I Muntean,0,1,1,,,,,,,,
1506185,2025/26,2025-10-10,"Moara Vlasiei Cricket Ground, Ilfov County",2,1.4,Bulgaria,Romania,V Nikolova,S Sarandeva,I Muntean,1,0,,,,,,,,,
1506185,2025/26,2025-10-10,"Moara Vlasiei Cricket Ground, Ilfov County",2,1.5,Bulgaria,Romania,S Sarandeva,V Nikolova,I Muntean,0,1,,,1,,,,,,
1506185,2025/26,2025-10-10,"Moara Vlasiei Cricket Ground, Ilfov County",2,1.6,Bulgaria,Romania,V Nikolova,S Sarandeva,I Muntean,0,0,,,,,,,,,
1506185,2025/26,2025-10-10,"Moara Vlasiei Cricket Ground, Ilfov County",2,1.7,Bulgaria,Romania,V Nikolova,S Sarandeva,I Muntean,4,1,,1,,,,,,,
1506185,2025/26,2025-10-10,"Moara Vlasiei Cricket Ground, Ilfov County",2,1.8,Bulgaria,Romania,V Nikolova,S Sarandeva,I Muntean,0,1,1,,,,,,,,
1506185,2025/26,2025-10-10,"Moara Vlasiei Cricket Ground, Ilfov County",2,1.9,Bulgaria,Romania,V Nikolova,S Sarandeva,I Muntean,0,0,,,,,,run out,V Nikolova,,
1506185,2025/26,2025-10-10,"Moara Vlasiei Cricket Ground, Ilfov County",2,2.1,Bulgaria,Romania,S Sarandeva,K Srandeva,M Kearvell,0,0,,,,,,,,,
1506185,2025/26,2025-10-10,"Moara Vlasiei Cricket Ground, Ilfov County",2,2.2,Bulgaria,Romania,S Sarandeva,K Srandeva,M Kearvell,1,0,,,,,,,,,
1506185,2025/26,2025-10-10,"Moara Vlasiei Cricket Ground, Ilfov County",2,2.3,Bulgaria,Romania,K Srandeva,S Sarandeva,M Kearvell,0,1,1,,,,,,,,
1506185,2025/26,2025-10-10,"Moara Vlasiei Cricket Ground, Ilfov County",2,2.4,Bulgaria,Romania,K Srandeva,S Sarandeva,M Kearvell,2,0,,,,,,,,,
1506185,2025/26,2025-10-10,"Moara Vlasiei Cricket Ground, Ilfov County",2,2.5,Bulgaria,Romania,K Srandeva,S Sarandeva,M Kearvell,0,1,1,,,,,,,,
1506185,2025/26,2025-10-10,"Moara Vlasiei Cricket Ground, Ilfov County",2,2.6,Bulgaria,Romania,K Srandeva,S Sarandeva,M Kearvell,2,0,,,,,,,,,
1506185,2025/26,2025-10-10,"Moara Vlasiei Cricket Ground, Ilfov County",2,2.7,Bulgaria,Romania,K Srandeva,S Sarandeva,M Kearvell,0,0,,,,,,,,,
1506185,2025/26,2025-10-10,"Moara Vlasiei Cricket Ground, Ilfov County",2,2.8,Bulgaria,Romania,K Srandeva,S Sarandeva,M Kearvell,0,1,1,,,,,,,,
1506185,2025/26,2025-10-10,"Moara Vlasiei Cricket Ground, Ilfov County",2,2.9,Bulgaria,Romania,K Srandeva,S Sarandeva,M Kearvell,0,1,1,,,,,,,,
1506185,2025/26,2025-10-10,"Moara Vlasiei Cricket Ground, Ilfov County",2,2.10,Bulgaria,Romania,K Srandeva,S Sarandeva,M Kearvell,0,1,1,,,,,,,,
1506185,2025/26,2025-10-10,"Moara Vlasiei Cricket Ground, Ilfov County",2,2.11,Bulgaria,Romania,K Srandeva,S Sarandeva,M Kearvell,1,0,,,,,,,,,
1506185,2025/26,2025-10-10,"Moara Vlasiei Cricket Ground, Ilfov County",2,3.1,Bulgaria,Romania,K Srandeva,S Sarandeva,I Muntean,0,0,,,,,,,,,
1506185,2025/26,2025-10-10,"Moara Vlasiei Cricket Ground, Ilfov County",2,3.2,Bulgaria,Romania,K Srandeva,S Sarandeva,I Muntean,0,0,,,,,,,,,
1506185,2025/26,2025-10-10,"Moara Vlasiei Cricket Ground, Ilfov County",2,3.3,Bulgaria,Romania,K Srandeva,S Sarandeva,I Muntean,0,1,1,,,,,,,,
1506185,2025/26,2025-10-10,"Moara Vlasiei Cricket Ground, Ilfov County",2,3.4,Bulgaria,Romania,K Srandeva,S Sarandeva,I Muntean,0,0,,,,,,,,,
1506185,2025/26,2025-10-10,"Moara Vlasiei Cricket Ground, Ilfov County",2,3.5,Bulgaria,Romania,K Srandeva,S Sarandeva,I Muntean,0,0,,,,,,,,,
1506185,2025/26,2025-10-10,"Moara Vlasiei Cricket Ground, Ilfov County",2,3.6,Bulgaria,Romania,K Srandeva,S Sarandeva,I Muntean,1,0,,,,,,,,,
1506185,2025/26,2025-10-10,"Moara Vlasiei Cricket Ground, Ilfov County",2,3.7,Bulgaria,Romania,S Sarandeva,K Srandeva,I Muntean,1,0,,,,,,,,,
1506185,2025/26,2025-10-10,"Moara Vlasiei Cricket Ground, Ilfov County",2,4.1,Bulgaria,Romania,S Sarandeva,K Srandeva,D Tanase,0,1,1,,,,,,,,
1506185,2025/26,2025-10-10,"Moara Vlasiei Cricket Ground, Ilfov County",2,4.2,Bulgaria,Romania,S Sarandeva,K Srandeva,D Tanase,0,2,2,,,,,,,,
1506185,2025/26,2025-10-10,"Moara Vlasiei Cricket Ground, Ilfov County",2,4.3,Bulgaria,Romania,K Srandeva,S Sarandeva,D Tanase,0,0,,,,,,,,,
1506185,2025/26,2025-10-10,"Moara Vlasiei Cricket Ground, Ilfov County",2,4.4,Bulgaria,Romania,K Srandeva,S Sarandeva,D Tanase,0,1,,,1,,,,,,
1506185,2025/26,2025-10-10,"Moara Vlasiei Cricket Ground, Ilfov County",2,4.5,Bulgaria,Romania,S Sarandeva,K Srandeva,D Tanase,0,0,,,,,,,,,
1506185,2025/26,2025-10-10,"Moara Vlasiei Cricket Ground, Ilfov County",2,4.6,Bulgaria,Romania,S Sarandeva,K Srandeva,D Tanase,0,0,,,,,,,,,
1506185,2025/26,2025-10-10,"Moara Vlasiei Cricket Ground, Ilfov County",2,4.7,Bulgaria,Romania,S Sarandeva,K Srandeva,D Tanase,0,0,,,,,,,,,
1506185,2025/26,2025-10-10,"Moara Vlasiei Cricket Ground, Ilfov County",2,4.8,Bulgaria,Romania,S Sarandeva,K Srandeva,D Tanase,0,1,1,,,,,,,,
1506185,2025/26,2025-10-10,"Moara Vlasiei Cricket Ground, Ilfov County",2,4.9,Bulgaria,Romania,S Sarandeva,K Srandeva,D Tanase,0,0,,,,,,,,,
1506185,2025/26,2025-10-10,"Moara Vlasiei Cricket Ground, Ilfov County",2,5.1,Bulgaria,Romania,K Srandeva,S Sarandeva,J Chirila,0,0,,,,,,,,,
1506185,2025/26,2025-10-10,"Moara Vlasiei Cricket Ground, Ilfov County",2,5.2,Bulgaria,Romania,K Srandeva,S Sarandeva,J Chirila,0,0,,,,,,,,,
1506185,2025/26,2025-10-10,"Moara Vlasiei Cricket Ground, Ilfov County",2,5.3,Bulgaria,Romania,K Srandeva,S Sarandeva,J Chirila,0,0,,,,,,,,,
1506185,2025/26,2025-10-10,"Moara Vlasiei Cricket Ground, Ilfov County",2,5.4,Bulgaria,Romania,K Srandeva,S Sarandeva,J Chirila,0,1,,,1,,,,,,
1506185,2025/26,2025-10-10,"Moara Vlasiei Cricket Ground, Ilfov County",2,5.5,Bulgaria,Romania,S Sarandeva,K Srandeva,J Chirila,0,1,1,,,,,,,,
1506185,2025/26,2025-10-10,"Moara Vlasiei Cricket Ground, Ilfov County",2,5.6,Bulgaria,Romania,S Sarandeva,K Srandeva,J Chirila,0,0,,,,,,,,,
1506185,2025/26,2025-10-10,"Moara Vlasiei Cricket Ground, Ilfov County",2,5.7,Bulgaria,Romania,S Sarandeva,K Srandeva,J Chirila,0,2,2,,,,,,,,
1506185,2025/26,2025-10-10,"Moara Vlasiei Cricket Ground, Ilfov County",2,5.8,Bulgaria,Romania,K Srandeva,S Sarandeva,J Chirila,0,1,,,1,,,,,,
1506185,2025/26,2025-10-10,"Moara Vlasiei Cricket Ground, Ilfov County",2,6.1,Bulgaria,Romania,K Srandeva,S Sarandeva,D Tanase,0,0,,,,,,,,,
1506185,2025/26,2025-10-10,"Moara Vlasiei Cricket Ground, Ilfov County",2,6.2,Bulgaria,Romania,K Srandeva,S Sarandeva,D Tanase,0,1,1,,,,,,,,
1506185,2025/26,2025-10-10,"Moara Vlasiei Cricket Ground, Ilfov County",2,6.3,Bulgaria,Romania,K Srandeva,S Sarandeva,D Tanase,0,0,,,,,,lbw,K Srandeva,,
1506185,2025/26,2025-10-10,"Moara Vlasiei Cricket Ground, Ilfov County",2,6.4,Bulgaria,Romania,D Ruynekova,S Sarandeva,D Tanase,0,0,,,,,,,,,
1506185,2025/26,2025-10-10,"Moara Vlasiei Cricket Ground, Ilfov County",2,6.5,Bulgaria,Romania,D Ruynekova,S Sarandeva,D Tanase,0,1,1,,,,,,,,
1506185,2025/26,2025-10-10,"Moara Vlasiei Cricket Ground, Ilfov County",2,6.6,Bulgaria,Romania,D Ruynekova,S Sarandeva,D Tanase,0,0,,,,,,bowled,D Ruynekova,,
1506185,2025/26,2025-10-10,"Moara Vlasiei Cricket Ground, Ilfov County",2,6.7,Bulgaria,Romania,S Galabova,S Sarandeva,D Tanase,0,1,1,,,,,,,,
1506185,2025/26,2025-10-10,"Moara Vlasiei Cricket Ground, Ilfov County",2,6.8,Bulgaria,Romania,S Galabova,S Sarandeva,D Tanase,0,0,,,,,,,,,
1506185,2025/26,2025-10-10,"Moara Vlasiei Cricket Ground, Ilfov County",2,6.9,Bulgaria,Romania,S Galabova,S Sarandeva,D Tanase,0,0,,,,,,,,,
1506185,2025/26,2025-10-10,"Moara Vlasiei Cricket Ground, Ilfov County",2,7.1,Bulgaria,Romania,S Sarandeva,S Galabova,J Chirila,1,0,,,,,,,,,
1506185,2025/26,2025-10-10,"Moara Vlasiei Cricket Ground, Ilfov County",2,7.2,Bulgaria,Romania,S Galabova,S Sarandeva,J Chirila,0,0,,,,,,,,,
1506185,2025/26,2025-10-10,"Moara Vlasiei Cricket Ground, Ilfov County",2,7.3,Bulgaria,Romania,S Galabova,S Sarandeva,J Chirila,0,0,,,,,,,,,
1506185,2025/26,2025-10-10,"Moara Vlasiei Cricket Ground, Ilfov County",2,7.4,Bulgaria,Romania,S Galabova,S Sarandeva,J Chirila,0,1,1,,,,,,,,
1506185,2025/26,2025-10-10,"Moara Vlasiei Cricket Ground, Ilfov County",2,7.5,Bulgaria,Romania,S Galabova,S Sarandeva,J Chirila,1,0,,,,,,,,,
1506185,2025/26,2025-10-10,"Moara Vlasiei Cricket Ground, Ilfov County",2,7.6,Bulgaria,Romania,S Sarandeva,S Galabova,J Chirila,0,0,,,,,,,,,
1506185,2025/26,2025-10-10,"Moara Vlasiei Cricket Ground, Ilfov County",2,7.7,Bulgaria,Romania,S Sarandeva,S Galabova,J Chirila,0,0,,,,,,,,,
1506185,2025/26,2025-10-10,"Moara Vlasiei Cricket Ground, Ilfov County",2,8.1,Bulgaria,Romania,S Galabova,S Sarandeva,A Lupascu,0,1,1,,,,,,,,
1506185,2025/26,2025-10-10,"Moara Vlasiei Cricket Ground, Ilfov County",2,8.2,Bulgaria,Romania,S Galabova,S Sarandeva,A Lupascu,0,0,,,,,,,,,
1506185,2025/26,2025-10-10,"Moara Vlasiei Cricket Ground, Ilfov County",2,8.3,Bulgaria,Romania,S Galabova,S Sarandeva,A Lupascu,0,0,,,,,,,,,
1506185,2025/26,2025-10-10,"Moara Vlasiei Cricket Ground, Ilfov County",2,8.4,Bulgaria,Romania,S Galabova,S Sarandeva,A Lupascu,0,1,1,,,,,,,,
1506185,2025/26,2025-10-10,"Moara Vlasiei Cricket Ground, Ilfov County",2,8.5,Bulgaria,Romania,S Galabova,S Sarandeva,A Lupascu,0,0,,,,,,,,,
1506185,2025/26,2025-10-10,"Moara Vlasiei Cricket Ground, Ilfov County",2,8.6,Bulgaria,Romania,S Galabova,S Sarandeva,A Lupascu,1,0,,,,,,,,,
1506185,2025/26,2025-10-10,"Moara Vlasiei Cricket Ground, Ilfov County",2,8.7,Bulgaria,Romania,S Sarandeva,S Galabova,A Lupascu,0,0,,,,,,,,,
1506185,2025/26,2025-10-10,"Moara Vlasiei Cricket Ground, Ilfov County",2,8.8,Bulgaria,Romania,S Sarandeva,S Galabova,A Lupascu,0,0,,,,,,,,,
1506185,2025/26,2025-10-10,"Moara Vlasiei Cricket Ground, Ilfov County",2,9.1,Bulgaria,Romania,S Galabova,S Sarandeva,J Chirila,1,0,,,,,,,,,
1506185,2025/26,2025-10-10,"Moara Vlasiei Cricket Ground, Ilfov County",2,9.2,Bulgaria,Romania,S Sarandeva,S Galabova,J Chirila,0,0,,,,,,,,,
1506185,2025/26,2025-10-10,"Moara Vlasiei Cricket Ground, Ilfov County",2,9.3,Bulgaria,Romania,S Sarandeva,S Galabova,J Chirila,2,0,,,,,,,,,
1506185,2025/26,2025-10-10,"Moara Vlasiei Cricket Ground, Ilfov County",2,9.4,Bulgaria,Romania,S Sarandeva,S Galabova,J Chirila,0,0,,,,,,,,,
1506185,2025/26,2025-10-10,"Moara Vlasiei Cricket Ground, Ilfov County",2,9.5,Bulgaria,Romania,S Sarandeva,S Galabova,J Chirila,0,0,,,,,,,,,
1506185,2025/26,2025-10-10,"Moara Vlasiei Cricket Ground, Ilfov County",2,9.6,Bulgaria,Romania,S Sarandeva,S Galabova,J Chirila,1,0,,,,,,,,,
1506185,2025/26,2025-10-10,"Moara Vlasiei Cricket Ground, Ilfov County",2,10.1,Bulgaria,Romania,S Sarandeva,S Galabova,A Lupascu,0,1,,1,,,,,,,
1506185,2025/26,2025-10-10,"Moara Vlasiei Cricket Ground, Ilfov County",2,10.2,Bulgaria,Romania,S Sarandeva,S Galabova,A Lupascu,0,0,,,,,,,,,
1506185,2025/26,2025-10-10,"Moara Vlasiei Cricket Ground, Ilfov County",2,10.3,Bulgaria,Romania,S Sarandeva,S Galabova,A Lupascu,1,0,,,,,,,,,
1506185,2025/26,2025-10-10,"Moara Vlasiei Cricket Ground, Ilfov County",2,10.4,Bulgaria,Romania,S Galabova,S Sarandeva,A Lupascu,0,0,,,,,,,,,
1506185,2025/26,2025-10-10,"Moara Vlasiei Cricket Ground, Ilfov County",2,10.5,Bulgaria,Romania,S Galabova,S Sarandeva,A Lupascu,0,0,,,,,,,,,
1506185,2025/26,2025-10-10,"Moara Vlasiei Cricket Ground, Ilfov County",2,10.6,Bulgaria,Romania,S Galabova,S Sarandeva,A Lupascu,0,0,,,,,,,,,
1506185,2025/26,2025-10-10,"Moara Vlasiei Cricket Ground, Ilfov County",2,10.7,Bulgaria,Romania,S Galabova,S Sarandeva,A Lupascu,1,0,,,,,,,,,
1506185,2025/26,2025-10-10,"Moara Vlasiei Cricket Ground, Ilfov County",2,11.1,Bulgaria,Romania,S Galabova,S Sarandeva,M Kearvell,2,1,,1,,,,,,,
1506185,2025/26,2025-10-10,"Moara Vlasiei Cricket Ground, Ilfov County",2,11.2,Bulgaria,Romania,S Galabova,S Sarandeva,M Kearvell,1,0,,,,,,,,,
1506185,2025/26,2025-10-10,"Moara Vlasiei Cricket Ground, Ilfov County",2,11.3,Bulgaria,Romania,S Sarandeva,S Galabova,M Kearvell,1,0,,,,,,,,,
1506185,2025/26,2025-10-10,"Moara Vlasiei Cricket Ground, Ilfov County",2,11.4,Bulgaria,Romania,S Galabova,S Sarandeva,M Kearvell,0,0,,,,,,,,,
1506185,2025/26,2025-10-10,"Moara Vlasiei Cricket Ground, Ilfov County",2,11.5,Bulgaria,Romania,S Galabova,S Sarandeva,M Kearvell,0,2,2,,,,,,,,
1506185,2025/26,2025-10-10,"Moara Vlasiei Cricket Ground, Ilfov County",2,11.6,Bulgaria,Romania,S Sarandeva,S Galabova,M Kearvell,0,0,,,,,,,,,
1506185,2025/26,2025-10-10,"Moara Vlasiei Cricket Ground, Ilfov County",2,11.7,Bulgaria,Romania,S Sarandeva,S Galabova,M Kearvell,0,2,2,,,,,,,,
1506185,2025/26,2025-10-10,"Moara Vlasiei Cricket Ground, Ilfov County",2,11.8,Bulgaria,Romania,S Galabova,S Sarandeva,M Kearvell,1,0,,,,,,,,,
1506185,2025/26,2025-10-10,"Moara Vlasiei Cricket Ground, Ilfov County",2,11.9,Bulgaria,Romania,S Sarandeva,S Galabova,M Kearvell,0,0,,,,,,,,,
1506185,2025/26,2025-10-10,"Moara Vlasiei Cricket Ground, Ilfov County",2,12.1,Bulgaria,Romania,S Galabova,S Sarandeva,A Lupascu,1,0,,,,,,,,,
1506185,2025/26,2025-10-10,"Moara Vlasiei Cricket Ground, Ilfov County",2,12.2,Bulgaria,Romania,S Sarandeva,S Galabova,A Lupascu,0,1,,1,,,,,,,
1506185,2025/26,2025-10-10,"Moara Vlasiei Cricket Ground, Ilfov County",2,12.3,Bulgaria,Romania,S Sarandeva,S Galabova,A Lupascu,0,0,,,,,,,,,
1506185,2025/26,2025-10-10,"Moara Vlasiei Cricket Ground, Ilfov County",2,12.4,Bulgaria,Romania,S Sarandeva,S Galabova,A Lupascu,1,0,,,,,,,,,
1506185,2025/26,2025-10-10,"Moara Vlasiei Cricket Ground, Ilfov County",2,12.5,Bulgaria,Romania,S Galabova,S Sarandeva,A Lupascu,1,0,,,,,,,,,
1506185,2025/26,2025-10-10,"Moara Vlasiei Cricket Ground, Ilfov County",2,12.6,Bulgaria,Romania,S Sarandeva,S Galabova,A Lupascu,0,0,,,,,,bowled,S Sarandeva,,
1506185,2025/26,2025-10-10,"Moara Vlasiei Cricket Ground, Ilfov County",2,12.7,Bulgaria,Romania,M Abadjieva,S Galabova,A Lupascu,0,0,,,,,,,,,
1506185,2025/26,2025-10-10,"Moara Vlasiei Cricket Ground, Ilfov County",2,13.1,Bulgaria,Romania,S Galabova,M Abadjieva,D Tanase,0,1,1,,,,,,,,
1506185,2025/26,2025-10-10,"Moara Vlasiei Cricket Ground, Ilfov County",2,13.2,Bulgaria,Romania,S Galabova,M Abadjieva,D Tanase,0,0,,,,,,,,,
1506185,2025/26,2025-10-10,"Moara Vlasiei Cricket Ground, Ilfov County",2,13.3,Bulgaria,Romania,S Galabova,M Abadjieva,D Tanase,1,0,,,,,,,,,
1506185,2025/26,2025-10-10,"Moara Vlasiei Cricket Ground, Ilfov County",2,13.4,Bulgaria,Romania,M Abadjieva,S Galabova,D Tanase,0,0,,,,,,lbw,M Abadjieva,,
1506185,2025/26,2025-10-10,"Moara Vlasiei Cricket Ground, Ilfov County",2,13.5,Bulgaria,Romania,S Galabova,N Gocheva,D Tanase,0,0,,,,,,caught,S Galabova,,
1506185,2025/26,2025-10-10,"Moara Vlasiei Cricket Ground, Ilfov County",2,13.6,Bulgaria,Romania,V Atanasova,N Gocheva,D Tanase,0,0,,,,,,,,,
1506185,2025/26,2025-10-10,"Moara Vlasiei Cricket Ground, Ilfov County",2,13.7,Bulgaria,Romania,V Atanasova,N Gocheva,D Tanase,0,0,,,,,,,,,
1506185,2025/26,2025-10-10,"Moara Vlasiei Cricket Ground, Ilfov County",2,14.1,Bulgaria,Romania,N Gocheva,V Atanasova,A Lupascu,0,1,1,,,,,,,,
1506185,2025/26,2025-10-10,"Moara Vlasiei Cricket Ground, Ilfov County",2,14.2,Bulgaria,Romania,N Gocheva,V Atanasova,A Lupascu,0,0,,,,,,,,,
1506185,2025/26,2025-10-10,"Moara Vlasiei Cricket Ground, Ilfov County",2,14.3,Bulgaria,Romania,N Gocheva,V Atanasova,A Lupascu,0,0,,,,,,caught and bowled,N Gocheva,,
1506185,2025/26,2025-10-10,"Moara Vlasiei Cricket Ground, Ilfov County",2,14.4,Bulgaria,Romania,N Toleva,V Atanasova,A Lupascu,0,0,,,,,,,,,
1506185,2025/26,2025-10-10,"Moara Vlasiei Cricket Ground, Ilfov County",2,14.5,Bulgaria,Romania,N Toleva,V Atanasova,A Lupascu,0,1,1,,,,,,,,
1506185,2025/26,2025-10-10,"Moara Vlasiei Cricket Ground, Ilfov County",2,14.6,Bulgaria,Romania,N Toleva,V Atanasova,A Lupascu,0,0,,,,,,bowled,N Toleva,,
1506185,2025/26,2025-10-10,"Moara Vlasiei Cricket Ground, Ilfov County",2,14.7,Bulgaria,Romania,V Kostova,V Atanasova,A Lupascu,0,1,1,,,,,,,,
1506185,2025/26,2025-10-10,"Moara Vlasiei Cricket Ground, Ilfov County",2,14.8,Bulgaria,Romania,V Kostova,V Atanasova,A Lupascu,0,1,1,,,,,,,,
1506185,2025/26,2025-10-10,"Moara Vlasiei Cricket Ground, Ilfov County",2,14.9,Bulgaria,Romania,V Kostova,V Atanasova,A Lupascu,0,1,1,,,,,,,,
1506185,2025/26,2025-10-10,"Moara Vlasiei Cricket Ground, Ilfov County",2,14.10,Bulgaria,Romania,V Kostova,V Atanasova,A Lupascu,0,0,,,,,,,,,
1506185,2025/26,2025-10-10,"Moara Vlasiei Cricket Ground, Ilfov County",2,14.11,Bulgaria,Romania,V Kostova,V Atanasova,A Lupascu,0,0,,,,,,run out,V Atanasova,,
